<?xml version="1.0" encoding="UTF-8"?>
<templates xml:space="preserve">

    <t t-name="chatroom.TabsContainer" owl="1">
        <Notebook className="'o_TabsContainer ' + props.className"
            onPageUpdate="props.updateTab" defaultPage="props.tabSelected">
            <t t-set-slot="tab_default_answer" isVisible="true"
                name="'tab_default_answer'" icon="'fa fa-bolt'"
                id="'tab_default_answer'">
                <div class="o_table_default">
                    <t t-foreach="props.defaultAnswers" t-as="answer" t-key="answer.id">
                        <DefaultAnswer defaultAnswer="answer"
                            selectedConversation="props.selectedConversation" />
                    </t>
                </div>
            </t>
            <t t-set-slot="tab_conv_info" isVisible="true"
                name="'tab_conv_info'" icon="'fa fa-info-circle'"
                id="'tab_conv_info'">
                <div class="o_InfoForm">
                    <t t-set="tabComp" t-value="'ConversationForm'" />
                    <t t-call="chatroom.TabWithMyConversation" />
                </div>
            </t>
            <t t-set-slot="tab_init_conversation" isVisible="true"
                name="'tab_init_conversation'" icon="'fa fa-users'"
                id="'tab_init_conversation'">
                <InitConversation conversationUsedFields="props.conversationUsedFields"
                    user="props.user"/>
            </t>
            <t t-set-slot="tab_partner" isVisible="true"
                name="'tab_partner'" icon="'fa fa-vcard-o'"
                id="'tab_partner'" title="env._t('Partner')">
                <div class="o_PartnerForm">
                    <t t-set="tabComp" t-value="'PartnerForm'" />
                    <t t-call="chatroom.TabWithConversation" />
                </div>
            </t>
        </Notebook>
    </t>

    <t t-name="chatroom.TabWithMyConversation" owl="1">
        <t t-if="props.selectedConversation">
            <t t-if="props.selectedConversation.isMine()">
                <t t-component="comp[tabComp]" t-props="compProps[tabComp]" />
            </t>
            <t t-else="">
                <t t-set="notYourConv" t-value="true" />
                <t t-call="chatroom.EmptyTab" />
            </t>
        </t>
        <t t-else="">
            <t t-call="chatroom.EmptyTab" />
        </t>
    </t>
  
    <t t-name="chatroom.TabWithConversation" owl="1">
        <t t-if="props.selectedConversation">
            <t t-component="comp[tabComp]" t-props="compProps[tabComp]" />
        </t>
        <t t-else="">
            <t t-call="chatroom.EmptyTab" />
        </t>
    </t>
  
    <t t-name="chatroom.EmptyTab" owl="1">
        <div class="o_EmptyTab">
            <span>
                <t t-if="message"> <t t-esc="message" /> </t>
                <t t-elif="notYourConv">You are not attending this conversation.</t>
                <t t-else="">You must select a conversation first.</t>
            </span>
        </div>
    </t>

</templates>
