<?xml version="1.0" encoding="UTF-8"?>
<templates xml:space="preserve">

    <t t-name="chatroom.ProductContainer" owl="1">
        <div class="acrux_ProductContainer" t-attf-class="{{ props.className }}">
            <ChatroomHeader>
                <ProductHeader eventName="'productSearch'" />
                <div class="mx-3 d-lg-none" >
                    <span t-if="props.selectedConversation"
                        t-esc="props.selectedConversation.name"/>
                </div>
            </ChatroomHeader>
            <div class="o_acrux_chat_product_items">
                <t t-foreach="state.products" t-as="product" t-key="product.id">
                    <Product product="product" />
                </t>
            </div>
        </div>
    </t>

</templates>
